" Продажи по группам (с ассортиментом)" ;" " ;" " ;" " ;" " ;" " ;" " ;" " 
" Группа товара" ;" id_goods" ;" Наименование" ;" Розница" ;" " ;" Опт" ;" " ;" Всего" 
" " ;" " ;" " ;" Единиц" ;" Гривен" ;" Единиц" ;" Гривен" ;" Гривен" 
" Итого" ;" " ;" " ;" 4 048" ;" 186 670,70" ;" 868" ;" 415 422,00" ;" 602 092,70" 
" Вино игристое" ;" 1" ;" “KRIMART” бел.коллек. брют ZERO (туб)                 " ;" 1" ;" 261,00" ;" " ;" " ;" 261,00" 
" Вино игристое" ;" 2" ;" “KRIMART” бел.выдер.мускат. брют(туб)                " ;" 4" ;" 1 044,00" ;" " ;" " ;" 1 044,00" 
" Вино игристое" ;" 3" ;" “KRIMART” бел. коллек. экстра брют(туб)" ;" " ;" " ;" 1" ;" 867,00" ;" 867,00" 
" Вино игристое" ;" 4" ;" “KRIMART” розовое выд. брют(туб)" ;" 1" ;" 150,00" ;" 5" ;" 4 335,00" ;" 4 485,00" 
" Вино игристое" ;" 6" ;" “КРИМ” белое брют коллекционное " ;" 8" ;" 696,00" ;" 48" ;" 23 376,00" ;" 24 072,00" 
" Вино игристое" ;" 7" ;" “КРИМ” белое коллекционное полусухое" ;" 4" ;" 338,40" ;" 47" ;" 22 231,00" ;" 22 569,40" 
" Вино игристое" ;" 8" ;" “КРИМ” красное выдержанное полусладкое" ;" 6" ;" 633,60" ;" 34" ;" 20 060,00" ;" 20 693,60" 
" Вино игристое" ;" 9" ;" “АРТЕМIВСЬКЕ” белое выдержанное полусладкое" ;" 5" ;" 395,00" ;" 189" ;" 81 648,00" ;" 82 043,00" 
" Вино игристое" ;" 10" ;" “АРТЕМIВСЬКЕ” белое выдержанное  брют" ;" 8" ;" 660,00" ;" 14" ;" 6 454,00" ;" 7 114,00" 
" Вино игристое" ;" 11" ;" “АРТЕМIВСЬКЕ” красное выдержанное полусладкое " ;" 23" ;" 2 014,80" ;" 55" ;" 27 610,00" ;" 29 624,80" 
" Вино игристое" ;" 12" ;" “АРТЕМIВСЬКЕ” мускатное выдержанное полусухое" ;" 8" ;" 703,20" ;" 17" ;" 8 551,00" ;" 9 254,20" 
" Вино игристое" ;" 13" ;" “АРТЕМIВСЬКЕ” розовое выдержанное полусухое" ;" 9" ;" 783,00" ;" 42" ;" 20 748,00" ;" 21 531,00" 
" Вино игристое" ;" 14" ;" “АРТЕМIВСЬКЕ” белое выдержанное  полусухое " ;" 7" ;" 539,00" ;" 47" ;" 20 586,00" ;" 21 125,00" 
" Вино игристое" ;" 15" ;" “АРТЕМIВСЬКЕ” белое коллекционное сухое" ;" " ;" " ;" 14" ;" 6 664,00" ;" 6 664,00" 
" Вино игристое" ;" 16" ;" “АРТЕМIВСЬКЕ” белое выдержанное полусладкое  " ;" 123" ;" 8 856,00" ;" 59" ;" 24 780,00" ;" 33 636,00" 
" Вино игристое" ;" 27" ;" “АРТЕМIВСЬКЕ” белое выдержанное полусладкое 0,2" ;" 13" ;" 390,00" ;" 3" ;" 2 016,00" ;" 2 406,00" 
" Вино игристое" ;" 28" ;" “АРТЕМIВСЬКЕ” белое выдержанное  брют 0,2" ;" 34" ;" 1 020,00" ;" 2" ;" 1 344,00" ;" 2 364,00" 
" Вино игристое" ;" 29" ;" “АРТЕМIВСЬКЕ” белое выдержанное  полусухое 0,2" ;" 9" ;" 270,00" ;" 1" ;" 672,00" ;" 942,00" 
" Вино игристое" ;" 30" ;" "CHARTE"напій вин.з аром. ананаса 0.75" ;" 12" ;" 846,00" ;" 8" ;" 3 168,00" ;" 4 014,00" 
" Вино игристое" ;" 31" ;" “АРТЕМОВСКОЕ” вино столовое белое сухое" ;" 2" ;" 220,00" ;" 14" ;" 5 544,00" ;" 5 764,00" 
" Вино игристое" ;" 32" ;" “АРТЕМОВСКОЕ” вино столовое красное сухое" ;" 14" ;" 1 540,00" ;" 29" ;" 11 484,00" ;" 13 024,00" 
" Вино игристое" ;" 33" ;" “Кrimsekt” розовое выдержанное брют" ;" 177" ;" 17 700,00" ;" " ;" " ;" 17 700,00" 
" Вино игристое" ;" 34" ;" “Кrimsekt”  красное выдержанное брют" ;" 54" ;" 5 400,00" ;" " ;" " ;" 5 400,00" 
" Вино игристое" ;" 37" ;" КримАрт бел.хорека" ;" 1" ;" 126,00" ;" 14" ;" 10 164,00" ;" 10 290,00" 
" Вино игристое" ;" 38" ;" КримАрт роз. хорека" ;" 1" ;" 126,00" ;" 4" ;" 2 904,00" ;" 3 030,00" 
" Вино игристое" ;" 39" ;" КримАрт кр. хорека" ;" " ;" " ;" 8" ;" 5 808,00" ;" 5 808,00" 
" Вино игристое" ;" 40" ;" КримАрт муск.хорека" ;" 9" ;" 2 133,00" ;" 6" ;" 8 160,00" ;" 10 293,00" 
" Вино игристое" ;" 41" ;" КримАрт Зеро хорека" ;" 2" ;" 474,00" ;" 14" ;" 19 040,00" ;" 19 514,00" 
" Вино игристое" ;" 51" ;" "SOLOKING"біле брют 0.75" ;" 20" ;" 3 800,00" ;" " ;" " ;" 3 800,00" 
" Вино игристое" ;" 52" ;" "SOLOKING"біле н/сух 0.75" ;" 9" ;" 1 710,00" ;" " ;" " ;" 1 710,00" 
" Вино игристое" ;" 53" ;" "SOLOKING" червоне н/сол 0.75" ;" 26" ;" 4 940,00" ;" " ;" " ;" 4 940,00" 
" Вино игристое" ;" 54" ;" "SOLOKING"рожеве н/сух 0.75" ;" 12" ;" 2 280,00" ;" " ;" " ;" 2 280,00" 
" Вино игристое" ;" 56" ;" "SOLOKING"кр.п/слад. 1.5л" ;" 2" ;" 708,00" ;" " ;" " ;" 708,00" 
" Вино игристое" ;" 57" ;" "SOLOKING "бел. п/слад.1.5л" ;" 7" ;" 2 478,00" ;" " ;" " ;" 2 478,00" 
" Вино игристое" ;" 58" ;" "SOLOKING "бел.брют 1.5л" ;" 4" ;" 1 416,00" ;" " ;" " ;" 1 416,00" 
" Вино игристое" ;" 59" ;" "SOLOKING "бел.п/сух.1.5л" ;" 14" ;" 4 956,00" ;" " ;" " ;" 4 956,00" 
" Вино игристое" ;" 60" ;" "SOLOKING" рожеве 1.5л п/сух." ;" 12" ;" 4 248,00" ;" " ;" " ;" 4 248,00" 
" Вино игристое" ;" 61" ;" "SOLOKING"1.5л.рожеве брют" ;" 7" ;" 2 478,00" ;" " ;" " ;" 2 478,00" 
" Вино игристое" ;" 1910" ;" "CHARTE"вино біле н/сол. 0.75" ;" 2" ;" 171,00" ;" 12" ;" 5 724,00" ;" 5 895,00" 
" Вино игристое" ;" 1911" ;" "CHARTE" вино рожеве н/сол. 0.75" ;" 3" ;" 256,50" ;" 21" ;" 10 017,00" ;" 10 273,50" 
" Вино игристое" ;" 1912" ;" "CHARTE" вино мускатне н/сол. 0.75" ;" 2" ;" 171,00" ;" 8" ;" 3 816,00" ;" 3 987,00" 
" Вино игристое" ;" 1913" ;" "CHARTE"вино червоне н/сол. 0.75" ;" 13" ;" 1 111,50" ;" 3" ;" 1 431,00" ;" 2 542,50" 
" Вино игристое" ;" 1914" ;" "CHARTE"вино рож.муск. н/сол. 0.75" ;" 1" ;" 85,50" ;" 10" ;" 4 770,00" ;" 4 855,50" 
" Вино игристое" ;" 2171" ;" "SOLOKING" 0.75чер.в сув.кор." ;" 4" ;" 1 200,00" ;" " ;" " ;" 1 200,00" 
" Вино игристое" ;" 2172" ;" "SOLOKING"0.75 рож.н/сух.в сув. кор." ;" 13" ;" 3 900,00" ;" " ;" " ;" 3 900,00" 
" Вино игристое" ;" 2174" ;" "SOLOKING" 0.75біле брют в сув.кор." ;" 18" ;" 5 400,00" ;" " ;" " ;" 5 400,00" 
" Вино игристое" ;" 2540" ;" "CHARTE"напій вин.рож.полуниця 0.75" ;" 12" ;" 846,00" ;" 26" ;" 10 296,00" ;" 11 142,00" 
" Вино игристое" ;" 2541" ;" "CHARTE"напій вин.абрикос 0.75" ;" 16" ;" 1 128,00" ;" 16" ;" 6 336,00" ;" 7 464,00" 
" Вино игристое" ;" 2542" ;" "CHARTE"напій вин.яблуко 0.75" ;" 25" ;" 1 762,50" ;" 3" ;" 1 188,00" ;" 2 950,50" 
" Вино игристое" ;" 2710" ;" "CHARTE"напій вин.чор.смородина рож.0.75" ;" 7" ;" 493,50" ;" 23" ;" 9 108,00" ;" 9 601,50" 
" Вино игристое" ;" 4067" ;" "CHARTE" напій винний слабоал.рож.(полуниця)0.2" ;" 14" ;" 420,00" ;" 1" ;" 672,00" ;" 1 092,00" 
" Вино - Грузия - Белое п/слад" ;" 1030" ;" вино Алаз. долина бел. 0.75 KV" ;" 1" ;" 140,00" ;" " ;" " ;" 140,00" 
" Вино - Грузия - Белое п/слад" ;" 3558" ;" ТВ вино Твіши 0.75" ;" 1" ;" 228,00" ;" " ;" " ;" 228,00" 
" Вино - Грузия - Белое п/слад" ;" 4651" ;" вино ГУРДЖИ Алаз.дол.біле 0.75" ;" 1" ;" 97,00" ;" " ;" " ;" 97,00" 
" Вино - Грузия - Красное п/слад" ;" 832" ;" вино KV  Мерани 0,75 чер." ;" 1" ;" 168,00" ;" " ;" " ;" 168,00" 
" Вино - Грузия - Красное п/слад" ;" 1031" ;" вино Алаз. долина кр.0.75 КV" ;" 1" ;" 164,00" ;" " ;" " ;" 164,00" 
" Вино - Грузия - Красное п/слад" ;" 4472" ;" вино Бадагони Піросмані чер.н/сол.0.75" ;" 1" ;" 136,00" ;" " ;" " ;" 136,00" 
" Вино - Италия - Красное п/сух" ;" 4684" ;" вино Каберне делле Венецие 0.75" ;" 1" ;" 130,00" ;" " ;" " ;" 130,00" 
" Вино - НовыйСвет - Белое п/слад" ;" 3348" ;" вино "молоко кох жінки" 0.75" ;" 2" ;" 334,00" ;" " ;" " ;" 334,00" 
" Вино - НовыйСвет - Белое п/слад" ;" 3366" ;" вино "Гевюрцтрамінер" 0.75" ;" 4" ;" 644,00" ;" " ;" " ;" 644,00" 
" Вино - НовыйСвет - Белое п/слад" ;" 4607" ;" Вино Гевюрцтраминер Вила Вольф бел п.слад 0.75" ;" 1" ;" 195,00" ;" " ;" " ;" 195,00" 
" Вино - НовыйСвет - Белое п/слад" ;" 4727" ;" вино Веселі Монашки 0.75" ;" 3" ;" 312,00" ;" " ;" " ;" 312,00" 
" Вино - НовыйСвет - Белое п/сух" ;" 291" ;" Вино Gazela Vinho Verde Branco, Sogrape Vinhos п/сух.бел" ;" 2" ;" 310,00" ;" " ;" " ;" 310,00" 
" Вино - НовыйСвет - Белое п/сух" ;" 3454" ;" вино "Фетяска"0.75" ;" 1" ;" 60,50" ;" " ;" " ;" 60,50" 
" Вино - Украина - Белое крепленое" ;" 2273" ;" вино"Клеопатра"Коблево 0.75" ;" 3" ;" 161,40" ;" " ;" " ;" 161,40" 
" Вино - Украина - Белое крепленое" ;" 3461" ;" вино "Мікадо"(слива бел.)0.7" ;" 3" ;" 156,00" ;" " ;" " ;" 156,00" 
" Вино - Украина - Белое крепленое" ;" 3463" ;" вино"Мікадо"(абрикос)0.7" ;" 4" ;" 208,00" ;" " ;" " ;" 208,00" 
" Вино - Украина - Белое крепленое" ;" 3596" ;" вино Троянда Котнар 0.75" ;" 1" ;" 88,00" ;" " ;" " ;" 88,00" 
" Вино - Украина - Белое крепленое" ;" 4438" ;" вино Мускатель Ю.Б дес.бел.0.75(Мас)" ;" 2" ;" 164,60" ;" " ;" " ;" 164,60" 
" Вино - Украина - Белое крепленое" ;" 4557" ;" вино Мускатель рожеве 0.75(Мас)" ;" 1" ;" 83,00" ;" " ;" " ;" 83,00" 
" Вино - Украина - Белое п/слад" ;" 688" ;" вино Мускат Качинский 0.75" ;" 2" ;" 106,20" ;" " ;" " ;" 106,20" 
" Вино - Украина - Белое п/слад" ;" 970" ;" вино Франческа0,7" ;" 1" ;" 42,00" ;" " ;" " ;" 42,00" 
" Вино - Украина - Белое п/слад" ;" 1993" ;" Вино Кримська Рівьера 0.75 біле" ;" 2" ;" 141,00" ;" " ;" " ;" 141,00" 
" Вино - Украина - Белое п/слад" ;" 2925" ;" вино "Золота Лоза"3л. біле н/сол." ;" 9" ;" 1 458,00" ;" 10" ;" 3 000,00" ;" 4 458,00" 
" Вино - Украина - Белое п/слад" ;" 3597" ;" вино Шардоне Котнар н/сол біле 0.75" ;" 4" ;" 204,40" ;" " ;" " ;" 204,40" 
" Вино - Украина - Белое п/слад" ;" 3637" ;" вино Бахчисарай Тамянка Кр.0.7" ;" 1" ;" 46,70" ;" " ;" " ;" 46,70" 
" Вино - Украина - Белое п/слад" ;" 3703" ;" вино Коблево Мускат Південний 0.75" ;" 1" ;" 62,40" ;" " ;" " ;" 62,40" 
" Вино - Украина - Белое п/слад" ;" 3714" ;" вино Тамянка Вінія 0.75" ;" 2" ;" 84,00" ;" " ;" " ;" 84,00" 
" Вино - Украина - Белое п/слад" ;" 4101" ;" "Золота Лоза"вино ордин.біле н/сол.0.7" ;" 2" ;" 108,00" ;" 5" ;" 2 250,00" ;" 2 358,00" 
" Вино - Украина - Белое п/слад" ;" 4235" ;" вино Болград Шато де Він 0.75 біле " ;" 1" ;" 42,00" ;" " ;" " ;" 42,00" 
" Вино - Украина - Белое п/слад" ;" 4432" ;" вино Котнар Хіл муск.н/сол.біле 0.75" ;" 1" ;" 45,70" ;" " ;" " ;" 45,70" 
" Вино - Украина - Белое п/слад" ;" 4453" ;" вино Азнаурі Алаз.дол.біле н/сол.0.75" ;" 3" ;" 180,00" ;" " ;" " ;" 180,00" 
" Вино - Украина - Белое п/слад" ;" 4476" ;" вино Буссо рожеве Інкерман 0.7" ;" 1" ;" 42,20" ;" " ;" " ;" 42,20" 
" Вино - Украина - Белое п/слад" ;" 4481" ;" вино Франческа рожеве.0.7" ;" 2" ;" 84,00" ;" " ;" " ;" 84,00" 
" Вино - Украина - Белое п/слад" ;" 4556" ;" вино Мускат Дель Мар 0.75(Мас)" ;" 1" ;" 65,00" ;" " ;" " ;" 65,00" 
" Вино - Украина - Белое п/слад" ;" 4633" ;" вино Молоко кох.жінки 0.75" ;" 3" ;" 402,00" ;" " ;" " ;" 402,00" 
" Вино - Украина - Белое п/слад" ;" 4678" ;" вино Буссо Біле 0.75" ;" 2" ;" 82,00" ;" " ;" " ;" 82,00" 
" Вино - Украина - Белое п/сух" ;" 2805" ;" вино "Перлина Тилігулу"0.75" ;" 1" ;" 62,40" ;" " ;" " ;" 62,40" 
" Вино - Украина - Белое п/сух" ;" 3768" ;" Вино Котнар Розе н/сухе 0.75" ;" 1" ;" 53,00" ;" " ;" " ;" 53,00" 
" Вино - Украина - Белое п/сух" ;" 3786" ;" вино Муска Селект біле 0.75" ;" 6" ;" 252,00" ;" " ;" " ;" 252,00" 
" Вино - Украина - Красное крепленое" ;" 1254" ;" вино Мускат золот.бордо 0.7" ;" 2" ;" 144,00" ;" " ;" " ;" 144,00" 
" Вино - Украина - Красное крепленое" ;" 1326" ;" вино Кагор Коблево 0.7" ;" 1" ;" 58,00" ;" " ;" " ;" 58,00" 
" Вино - Украина - Красное крепленое" ;" 1341" ;" вино Кагор Болград 0.7" ;" 4" ;" 233,60" ;" " ;" " ;" 233,60" 
" Вино - Украина - Красное крепленое" ;" 1545" ;" вино Граль Кагор-штоф 0.7" ;" 4" ;" 232,00" ;" " ;" " ;" 232,00" 
" Вино - Украина - Красное крепленое" ;" 2048" ;" вино Наомі 0.7 червоне" ;" 1" ;" 50,50" ;" " ;" " ;" 50,50" 
" Вино - Украина - Красное крепленое" ;" 2804" ;" вино "Мускат Королев."0.75 Коблево" ;" 3" ;" 216,00" ;" " ;" " ;" 216,00" 
" Вино - Украина - Красное крепленое" ;" 3120" ;" вино Тет- а -тет 0.75 чер.дес.(Котнар)" ;" 2" ;" 116,60" ;" " ;" " ;" 116,60" 
" Вино - Украина - Красное крепленое" ;" 3427" ;" кагор Болград 0.7 (штоф/медаль)" ;" 2" ;" 116,40" ;" " ;" " ;" 116,40" 
" Вино - Украина - Красное крепленое" ;" 3490" ;" вино Кагор(Вініа)0.7" ;" 2" ;" 108,20" ;" " ;" " ;" 108,20" 
" Вино - Украина - Красное крепленое" ;" 3496" ;" вино "Мікадо"0.7(вишня)" ;" 2" ;" 104,00" ;" " ;" " ;" 104,00" 
" Вино - Украина - Красное крепленое" ;" 3518" ;" вино "Ізабелла" Коблево 0.75" ;" 1" ;" 53,80" ;" " ;" " ;" 53,80" 
" Вино - Украина - Красное крепленое" ;" 3600" ;" вино Кагор Укр.0.75" ;" 1" ;" 70,00" ;" " ;" " ;" 70,00" 
" Вино - Украина - Красное крепленое" ;" 3626" ;" вино Кагор Укр Асканія 0.75" ;" 2" ;" 122,40" ;" " ;" " ;" 122,40" 
" Вино - Украина - Красное крепленое" ;" 3879" ;" вино Мікадо чер.смор. 0.7" ;" 2" ;" 98,80" ;" " ;" " ;" 98,80" 
" Вино - Украина - Красное крепленое" ;" 4140" ;" вино Портв.Алькадар Інкерман 0.75" ;" 1" ;" 84,40" ;" " ;" " ;" 84,40" 
" Вино - Украина - Красное крепленое" ;" 4231" ;" вино Кагор Коблево Селект 0.75" ;" 1" ;" 44,00" ;" " ;" " ;" 44,00" 
" Вино - Украина - Красное крепленое" ;" 4437" ;" вино Кагор Ю.Б дес.кр.0.75(Мас)" ;" 3" ;" 252,00" ;" " ;" " ;" 252,00" 
" Вино - Украина - Красное крепленое" ;" 4439" ;" вино Мускатель Ю.Б кр.дес.0.75(Мас)" ;" 3" ;" 249,90" ;" " ;" " ;" 249,90" 
" Вино - Украина - Красное крепленое" ;" 4666" ;" вино Кагор Болград 0.75" ;" 2" ;" 84,80" ;" " ;" " ;" 84,80" 
" Вино - Украина - Красное крепленое" ;" 4735" ;" Вино Такадо Вишня 0.7" ;" 2" ;" 100,00" ;" " ;" " ;" 100,00" 
" Вино - Украина - Красное п/слад" ;" 684" ;" вино Древний Херсонес 0.75" ;" 1" ;" 76,00" ;" " ;" " ;" 76,00" 
" Вино - Украина - Красное п/слад" ;" 689" ;" вино Пино Нуар 0.75" ;" 1" ;" 46,30" ;" " ;" " ;" 46,30" 
" Вино - Украина - Красное п/слад" ;" 932" ;" вино Монте Руж 0.7" ;" 1" ;" 56,20" ;" " ;" " ;" 56,20" 
" Вино - Украина - Красное п/слад" ;" 971" ;" вино Жозефина 0,7" ;" 2" ;" 84,00" ;" " ;" " ;" 84,00" 
" Вино - Украина - Красное п/слад" ;" 972" ;" вино Бастардо Коблево 0.7" ;" 1" ;" 44,10" ;" " ;" " ;" 44,10" 
" Вино - Украина - Красное п/слад" ;" 1297" ;" вино Монте Розе 0.7" ;" 2" ;" 114,00" ;" " ;" " ;" 114,00" 
" Вино - Украина - Красное п/слад" ;" 2633" ;" вино Кримська  Ривьера 0.75 чер." ;" 1" ;" 65,30" ;" " ;" " ;" 65,30" 
" Вино - Украина - Красное п/слад" ;" 2926" ;" вино"Рубін Криму"3л.чер.н/сол." ;" 14" ;" 2 268,00" ;" 41" ;" 12 300,00" ;" 14 568,00" 
" Вино - Украина - Красное п/слад" ;" 3595" ;" вино Мерло Котнар чер.н/сол 0.75" ;" 6" ;" 318,00" ;" " ;" " ;" 318,00" 
" Вино - Украина - Красное п/слад" ;" 3710" ;" вино Коблево Черном Рівьера 0.75" ;" 1" ;" 62,40" ;" " ;" " ;" 62,40" 
" Вино - Украина - Красное п/слад" ;" 3883" ;" "Рубін Криму"0.7 вино стол. чер.н/сол" ;" 7" ;" 378,00" ;" 14" ;" 6 300,00" ;" 6 678,00" 
" Вино - Украина - Красное п/слад" ;" 3921" ;" Вино Люстдорф Бастардо 0.75" ;" 1" ;" 56,00" ;" " ;" " ;" 56,00" 
" Вино - Украина - Красное п/слад" ;" 4236" ;" вино Болград Шато де Він чер.0.75" ;" 3" ;" 126,00" ;" " ;" " ;" 126,00" 
" Вино - Украина - Красное п/слад" ;" 4399" ;" вино Азнаурі Піросмані 0.75" ;" 1" ;" 60,00" ;" " ;" " ;" 60,00" 
" Вино - Украина - Красное п/слад" ;" 4454" ;" вино Азнаурі Алаз.дол.чер.н/сол.0.75" ;" 4" ;" 240,00" ;" " ;" " ;" 240,00" 
" Вино - Украина - Красное п/слад" ;" 4696" ;" вино Буссо Червоне  0.75" ;" 2" ;" 84,00" ;" " ;" " ;" 84,00" 
" Вино - Украина - Красное п/сух" ;" 686" ;" вино Инкерман  красное 0.75" ;" 3" ;" 219,00" ;" " ;" " ;" 219,00" 
" Вино - Украина - Красное сухое" ;" 1151" ;" вино Рубин Херсонесу 0.75" ;" 2" ;" 134,00" ;" " ;" " ;" 134,00" 
" Вино - Украина - Красное сухое" ;" 3646" ;" вино Інкерман Мерло/каберне 0.75" ;" 4" ;" 266,00" ;" " ;" " ;" 266,00" 
" Вино - Украина - Красное сухое" ;" 4220" ;" вино Котнар Хіл чер сухе 0.75" ;" 1" ;" 52,70" ;" " ;" " ;" 52,70" 
" Вино - Украина - Красное сухое" ;" 4499" ;" вино Азнаурі Сапераві 0.75" ;" 2" ;" 130,00" ;" " ;" " ;" 130,00" 
" Вино - Украина - Красное сухое" ;" 4657" ;" вино Каберне (Мас.)0.75" ;" 1" ;" 66,60" ;" " ;" " ;" 66,60" 
" Вино - Франция - Белое п/слад" ;" 1165" ;" вино Жарден дю Рой Блан 0.75" ;" 6" ;" 618,00" ;" " ;" " ;" 618,00" 
" Вино - Франция - Белое п/слад" ;" 4355" ;" вино Родже Аджу 0.75" ;" 1" ;" 173,00" ;" " ;" " ;" 173,00" 
" Вино - Франция - Белое п/слад" ;" 4613" ;" вино Сhateau Ried Bellevue 0.75" ;" 3" ;" 591,00" ;" " ;" " ;" 591,00" 
" Вино - Франция - Белое п/сух" ;" 1124" ;" вино Пюлиньи Монраше бел.сух 0,75" ;" 1" ;" 624,00" ;" " ;" " ;" 624,00" 
" Вино - Франция - Белое п/сух" ;" 1520" ;" вино"Барон Лірондо"біле н/сухе 0.75" ;" 1" ;" 175,00" ;" " ;" " ;" 175,00" 
" Вино - Франция - Белое сухое" ;" 1646" ;" вино "Шарте Шаблі" 0.7" ;" 7" ;" 770,00" ;" " ;" " ;" 770,00" 
" Вино - Франция - Белое сухое" ;" 2640" ;" вино "Розе Анжу Паспорт"0.75" ;" 2" ;" 692,00" ;" " ;" " ;" 692,00" 
" Вино - Франция - Белое сухое" ;" 4341" ;" вино Жарден дю Рой Блан 0.75" ;" 2" ;" 206,00" ;" " ;" " ;" 206,00" 
" Вино - Франция - Красное п/слад" ;" 1521" ;" вино "Барон Лірондо"чер.н/сол.0.75" ;" 1" ;" 175,00" ;" " ;" " ;" 175,00" 
" Вино - Франция - Красное п/сух" ;" 1522" ;" вино"Барон Лірондо"чер.н/сухе 0.75" ;" 1" ;" 174,00" ;" " ;" " ;" 174,00" 
" Вино - Франция - Красное сухое" ;" 1122" ;" вино Жеврей Шамбертен кр.сух.0,75" ;" 1" ;" 493,00" ;" " ;" " ;" 493,00" 
" Вино - Франция - Красное сухое" ;" 1608" ;" вино "Шарте Медок"кр.сухе 0.7" ;" 32" ;" 2 560,00" ;" " ;" " ;" 2 560,00" 
" Вино - Франция - Красное сухое" ;" 4342" ;" вино Жарден дю Рой Руж  чер сухе 0.75" ;" 4" ;" 412,00" ;" " ;" " ;" 412,00" 
" Вино - Чили - Белое сухое" ;" 3577" ;" вино WM Совиньон/блан 0.75" ;" 1" ;" 118,00" ;" " ;" " ;" 118,00" 
" Вино - Чили - Красное сухое" ;" 2756" ;" вино "Каберне-Совіньйон"0.75" ;" 1" ;" 186,00" ;" " ;" " ;" 186,00" 
" Виски" ;" 3431" ;" віскі Томатін Лежендарі Скот 0.7" ;" 1" ;" 211,00" ;" " ;" " ;" 211,00" 
" Виски" ;" 3886" ;" Віски Вайт Хорс 1л" ;" 1" ;" 522,00" ;" " ;" " ;" 522,00" 
" Виски" ;" 4424" ;" віскі Бурбон Four Roses 0.7" ;" 1" ;" 433,00" ;" " ;" " ;" 433,00" 
" Виски" ;" 4563" ;" віскі Jantlemen Jack 0.7под." ;" 1" ;" 769,00" ;" " ;" " ;" 769,00" 
" Виски" ;" 4667" ;" віскі ABERLOUR 0.7" ;" 1" ;" 1 468,00" ;" " ;" " ;" 1 468,00" 
" Виски" ;" 4741" ;" Віскі Highland Park 0.7" ;" 1" ;" 1 458,00" ;" " ;" " ;" 1 458,00" 
" Водка" ;" 673" ;" Водка Зеленая марка Кедровая 0.5" ;" 6" ;" 420,00" ;" " ;" " ;" 420,00" 
" Водка" ;" 1127" ;" водка Киев 0,75" ;" 1" ;" 218,00" ;" " ;" " ;" 218,00" 
" Водка" ;" 1249" ;" водка Зубровка 0.5" ;" 1" ;" 88,00" ;" " ;" " ;" 88,00" 
" Водка" ;" 1307" ;" водка Зубровка 0,5(бялая)" ;" 1" ;" 76,50" ;" " ;" " ;" 76,50" 
" Водка" ;" 1418" ;" "Козацька Рада"перцовка 0.5" ;" 1" ;" 70,00" ;" " ;" " ;" 70,00" 
" Водка" ;" 1596" ;" горілка "Дика Утка"0.5" ;" 2" ;" 152,60" ;" " ;" " ;" 152,60" 
" Водка" ;" 1598" ;" горілка "Дика Утка Пущанская"0.5" ;" 6" ;" 420,00" ;" " ;" " ;" 420,00" 
" Водка" ;" 2141" ;" горілка Мороша Джерельна 0.5" ;" 1" ;" 70,00" ;" " ;" " ;" 70,00" 
" Водка" ;" 2142" ;" горілка Мороша Джерельна 0.7" ;" 5" ;" 490,00" ;" " ;" " ;" 490,00" 
" Водка" ;" 2620" ;" горілка "Менс Клуб"0.7" ;" 1" ;" 102,00" ;" " ;" " ;" 102,00" 
" Водка" ;" 2996" ;" горілка "Медофф"клас.0.7" ;" 1" ;" 98,00" ;" " ;" " ;" 98,00" 
" Водка" ;" 3040" ;" горілка Царська золота 0.5" ;" 2" ;" 566,00" ;" " ;" " ;" 566,00" 
" Водка" ;" 3152" ;" горілка Первачок 0.25 житній" ;" 3" ;" 105,00" ;" " ;" " ;" 105,00" 
" Водка" ;" 3190" ;" горілка Неміров штоф 0.5" ;" 4" ;" 280,00" ;" " ;" " ;" 280,00" 
" Водка" ;" 3266" ;" Горілка Финляндія 0.5 (грейф)" ;" 1" ;" 197,00" ;" " ;" " ;" 197,00" 
" Водка" ;" 3317" ;" горілка Зубровка бялая 0.7" ;" 1" ;" 107,00" ;" " ;" " ;" 107,00" 
" Водка" ;" 3328" ;" горілка Каз.Рада 0.5 "особлива"" ;" 2" ;" 140,00" ;" " ;" " ;" 140,00" 
" Водка" ;" 3371" ;" горілка Граппа №1 0,5" ;" 3" ;" 319,50" ;" " ;" " ;" 319,50" 
" Водка" ;" 3422" ;" горілка Неміров штоф 1л" ;" 1" ;" 140,00" ;" " ;" " ;" 140,00" 
" Водка" ;" 3494" ;" горілка Медофф Корол.0.7" ;" 2" ;" 196,60" ;" " ;" " ;" 196,60" 
" Водка" ;" 3598" ;" горілка Медофф классік 0.5" ;" 1" ;" 70,00" ;" " ;" " ;" 70,00" 
" Водка" ;" 3642" ;" горілка Прайм Еволюція 0.5" ;" 1" ;" 70,00" ;" " ;" " ;" 70,00" 
" Водка" ;" 3648" ;" горілка Роял 0.5" ;" 2" ;" 140,00" ;" " ;" " ;" 140,00" 
" Водка" ;" 3681" ;" горілка Медофф клас. 1л" ;" 2" ;" 280,00" ;" " ;" " ;" 280,00" 
" Водка" ;" 3683" ;" горілка Зубровка золота 0.5" ;" 1" ;" 83,80" ;" " ;" " ;" 83,80" 
" Водка" ;" 3764" ;" горілка Сопліца лещина 0.5" ;" 3" ;" 294,90" ;" " ;" " ;" 294,90" 
" Водка" ;" 3831" ;" горілка Первак з перцем 0.5" ;" 3" ;" 211,80" ;" " ;" " ;" 211,80" 
" Водка" ;" 3873" ;" настойка Сопліца вишня 0.5" ;" 1" ;" 103,00" ;" " ;" " ;" 103,00" 
" Водка" ;" 3982" ;" горілка сув. Люботин Гетьман 1л" ;" 2" ;" 660,00" ;" " ;" " ;" 660,00" 
" Водка" ;" 4030" ;" горілка сув. Люботин Марічка 0.7" ;" 1" ;" 288,00" ;" " ;" " ;" 288,00" 
" Водка" ;" 4091" ;" горілка Немирофф укр.з перц. 0.5" ;" 3" ;" 211,50" ;" " ;" " ;" 211,50" 
" Водка" ;" 4102" ;" горілка Немиров делікат 0.7" ;" 1" ;" 98,00" ;" " ;" " ;" 98,00" 
" Водка" ;" 4103" ;" горіла Немиров перцовка 0.7" ;" 2" ;" 196,00" ;" " ;" " ;" 196,00" 
" Водка" ;" 4166" ;" горілка Каз.Рада особлива 1л" ;" 5" ;" 700,00" ;" " ;" " ;" 700,00" 
" Водка" ;" 4233" ;" горілка Неміров штоф 0.7" ;" 3" ;" 294,00" ;" " ;" " ;" 294,00" 
" Водка" ;" 4245" ;" Горілка Др.Київська з перцем 0.5" ;" 1" ;" 70,00" ;" " ;" " ;" 70,00" 
" Водка" ;" 4309" ;" горілка Хлібна Сльоза 0.5" ;" 1" ;" 98,60" ;" " ;" " ;" 98,60" 
" Водка" ;" 4329" ;" горілка Хлебная слеза 2л" ;" 4" ;" 1 380,00" ;" " ;" " ;" 1 380,00" 
" Водка" ;" 4361" ;" настоянка Зубровка 0.2" ;" 1" ;" 40,80" ;" " ;" " ;" 40,80" 
" Водка" ;" 4482" ;" горілка Воздух 0.7" ;" 3" ;" 294,00" ;" " ;" " ;" 294,00" 
" Водка" ;" 4594" ;" горілка Пшен.мьяка Хл.пол.0.450" ;" 5" ;" 314,00" ;" " ;" " ;" 314,00" 
" Водка" ;" 4595" ;" горілка Житня мьяка Хл.пол.0.450" ;" 8" ;" 502,40" ;" " ;" " ;" 502,40" 
" Водка" ;" 4601" ;" горілка Черкаська Явора 0.5" ;" 1" ;" 136,40" ;" " ;" " ;" 136,40" 
" Водка" ;" 4615" ;" горілка Артемівська срібна 0.5" ;" 2" ;" 140,00" ;" " ;" " ;" 140,00" 
" Водка" ;" 4616" ;" горілка Журавли 0.5" ;" 3" ;" 212,40" ;" " ;" " ;" 212,40" 
" Водка" ;" 4626" ;" горілка Черкаська Таїна Сміли 0.7" ;" 1" ;" 183,00" ;" " ;" " ;" 183,00" 
" Водка" ;" 4639" ;" горілка  Absolut  Citron 0.7" ;" 1" ;" 337,00" ;" " ;" " ;" 337,00" 
" Водка" ;" 4642" ;" горілка  Absolut  Raspberri 0.7" ;" 1" ;" 337,00" ;" " ;" " ;" 337,00" 
" Водка" ;" 4645" ;" горілка Артемівська 0.25(срібна)" ;" 3" ;" 105,00" ;" " ;" " ;" 105,00" 
" Водка" ;" 4662" ;" горілка Первак (жито)0.7" ;" 2" ;" 196,00" ;" " ;" " ;" 196,00" 
" Водка" ;" 4663" ;" горілка Амеріканка 0.5" ;" 2" ;" 120,00" ;" " ;" " ;" 120,00" 
" Водка" ;" 4664" ;" горілка Неміров пшен.0.25" ;" 2" ;" 70,00" ;" " ;" " ;" 70,00" 
" Водка" ;" 4713" ;" горілка KU -KA- RE- KA 0.5" ;" 18" ;" 1 386,00" ;" " ;" " ;" 1 386,00" 
" Водка" ;" 4723" ;" горілка Немиров с перцем 1л" ;" 1" ;" 140,00" ;" " ;" " ;" 140,00" 
" Водка" ;" 4733" ;" горілка Хл.Дар пшен.0.7" ;" 1" ;" 98,00" ;" " ;" " ;" 98,00" 
" Водка" ;" 4742" ;" горілка Ріга Блек 0.5" ;" 1" ;" 148,00" ;" " ;" " ;" 148,00" 
" Кондитерские изделия" ;" 3687" ;" конф. Сонячн.віночок 1/500" ;" 3" ;" 168,30" ;" " ;" " ;" 168,30" 
" Кондитерские изделия" ;" 3688" ;" конф Стріла 1/180" ;" 5" ;" 237,50" ;" " ;" " ;" 237,50" 
" Кондитерские изделия" ;" 3689" ;" конф Трюфель с коньяком 1/200" ;" 2" ;" 98,00" ;" " ;" " ;" 98,00" 
" Кондитерские изделия" ;" 3743" ;" конф. Белочка 1/210(Харьков)" ;" 3" ;" 144,00" ;" " ;" " ;" 144,00" 
" Кондитерские изделия" ;" 3746" ;" конф.Чорний принц 1/400" ;" 5" ;" 350,00" ;" " ;" " ;" 350,00" 
" Кондитерские изделия" ;" 3798" ;" шоколад Оленка 1/90" ;" 1" ;" 16,00" ;" " ;" " ;" 16,00" 
" Кондитерские изделия" ;" 3799" ;" шоколад Чайка 1/90" ;" 1" ;" 16,00" ;" " ;" " ;" 16,00" 
" Кондитерские изделия" ;" 3820" ;" конф. Муар 1/250" ;" 5" ;" 218,50" ;" " ;" " ;" 218,50" 
" Кондитерские изделия" ;" 3821" ;" конф.Пташине молоко 1/270" ;" 1" ;" 51,00" ;" " ;" " ;" 51,00" 
" Кондитерские изделия" ;" 3866" ;" конф.Грильяж 1/270" ;" 1" ;" 50,00" ;" " ;" " ;" 50,00" 
" Кондитерские изделия" ;" 3868" ;" шокол.Олд Колекш. черн. ліс гор.1/200" ;" 10" ;" 542,00" ;" " ;" " ;" 542,00" 
" Кондитерские изделия" ;" 3870" ;" шокол.Олд Колекш.мол.минд/изюм 1/200" ;" 7" ;" 336,00" ;" " ;" " ;" 336,00" 
" Кондитерские изделия" ;" 3893" ;" Батончик Galante фунд. 1/38" ;" 1" ;" 10,30" ;" " ;" " ;" 10,30" 
" Кондитерские изделия" ;" 3941" ;" конф.Государ. фундук 1/165" ;" 4" ;" 212,00" ;" " ;" " ;" 212,00" 
" Кондитерские изделия" ;" 3942" ;" конф.Государ. фундук 1/245" ;" 2" ;" 152,80" ;" " ;" " ;" 152,80" 
" Кондитерские изделия" ;" 3943" ;" конф.Ассорті прем.1/300" ;" 4" ;" 333,20" ;" " ;" " ;" 333,20" 
" Кондитерские изделия" ;" 3944" ;" конф.вишня в шокол 1/285" ;" 1" ;" 58,60" ;" " ;" " ;" 58,60" 
" Кондитерские изделия" ;" 3946" ;" шокол.Old Collect мол.минд.1/200" ;" 5" ;" 257,00" ;" " ;" " ;" 257,00" 
" Кондитерские изделия" ;" 3986" ;" конф.конф.Сердце Клеопатры 1/235" ;" 3" ;" 170,10" ;" " ;" " ;" 170,10" 
" Кондитерские изделия" ;" 3987" ;" конф.Троянда 1/395" ;" 2" ;" 181,00" ;" " ;" " ;" 181,00" 
" Кондитерские изделия" ;" 3988" ;" конф.Ассорти Доминик 1/208(Полтава)" ;" 3" ;" 180,00" ;" " ;" " ;" 180,00" 
" Кондитерские изделия" ;" 4012" ;" конф.Усіх благ 1/255" ;" 2" ;" 124,80" ;" " ;" " ;" 124,80" 
" Кондитерские изделия" ;" 4022" ;" конф.Домиор (ром)1/250" ;" 2" ;" 140,60" ;" " ;" " ;" 140,60" 
" Кондитерские изделия" ;" 4098" ;" конф.Ассорти мол.(ПАТ) 1/200" ;" 3" ;" 180,00" ;" " ;" " ;" 180,00" 
" Кондитерские изделия" ;" 4174" ;" шокол.бат.Сороч.ярм.мол.1/50" ;" 3" ;" 23,10" ;" " ;" " ;" 23,10" 
" Кондитерские изделия" ;" 4175" ;" шокол.бат.Сороч.ярмар.черн.1/50" ;" 4" ;" 30,80" ;" " ;" " ;" 30,80" 
" Кондитерские изделия" ;" 4177" ;" шокол.Олд.кол.гір.горіх.1/100" ;" 9" ;" 225,00" ;" " ;" " ;" 225,00" 
" Кондитерские изделия" ;" 4178" ;" шокол.Олд.Колл.мол.горіх.1/100" ;" 8" ;" 200,00" ;" " ;" " ;" 200,00" 
" Кондитерские изделия" ;" 4179" ;" шокл.Олд.кол.черн.1/100" ;" 3" ;" 63,00" ;" " ;" " ;" 63,00" 
" Кондитерские изделия" ;" 4180" ;" щокол.Олд.кол.мол.1/100" ;" 1" ;" 18,70" ;" " ;" " ;" 18,70" 
" Кондитерские изделия" ;" 4215" ;" конф.Зоряний сад 1/200" ;" 3" ;" 103,50" ;" " ;" " ;" 103,50" 
" Кондитерские изделия" ;" 4368" ;" шокол.батончик б/цукру 1/38" ;" 1" ;" 12,00" ;" " ;" " ;" 12,00" 
" Кондитерские изделия" ;" 4369" ;" конф Ассорті мол.1/340" ;" 2" ;" 218,00" ;" " ;" " ;" 218,00" 
" Кондитерские изделия" ;" 4370" ;" конф.Вечір Золотий 1/180" ;" 5" ;" 320,00" ;" " ;" " ;" 320,00" 
" Кондитерские изделия" ;" 4382" ;" конф.Фрукти заспирт.1/350" ;" 7" ;" 597,10" ;" " ;" " ;" 597,10" 
" Кондитерские изделия" ;" 4401" ;" шокол.Old Collect  (вишня)1/200" ;" 4" ;" 265,60" ;" " ;" " ;" 265,60" 
" Кондитерские изделия" ;" 4402" ;" шокол.Old Collect черн./апельс.1/200" ;" 8" ;" 516,00" ;" " ;" " ;" 516,00" 
" Кондитерские изделия" ;" 4513" ;" Конфеты  Baritone вершковий смак 1/415" ;" 4" ;" 252,00" ;" " ;" " ;" 252,00" 
" Кондитерские изделия" ;" 4514" ;" Конфеты  Baritone шоколадний смак 1/415" ;" 4" ;" 252,00" ;" " ;" " ;" 252,00" 
" Кондитерские изделия" ;" 4568" ;" шоколад молочн.24% 1/90" ;" 1" ;" 18,00" ;" " ;" " ;" 18,00" 
" Кондитерские изделия" ;" 4683" ;" конф.Жорж премиум 1/450" ;" 1" ;" 153,00" ;" " ;" " ;" 153,00" 
" Кондитерские изделия" ;" 4714" ;" шокол.батон.BONBAR 1/45" ;" 6" ;" 28,80" ;" " ;" " ;" 28,80" 
" Кондитерские изделия" ;" 4715" ;" шокол.батончик ZARYAD 1/45" ;" 6" ;" 33,60" ;" " ;" " ;" 33,60" 
" Кондитерские изделия" ;" 4716" ;" конф.Труфалье ялинка 1/135" ;" 9" ;" 261,00" ;" " ;" " ;" 261,00" 
" Кондитерские изделия" ;" 4717" ;" конф.труфалье оригин.ялинка 1/124" ;" 9" ;" 240,30" ;" " ;" " ;" 240,30" 
" Кондитерские изделия" ;" 4730" ;" конф.Шедевр 1/125" ;" 2" ;" 87,20" ;" " ;" " ;" 87,20" 
" Кондитерские изделия" ;" 4738" ;" шокол.бат.Шокобар 1/50" ;" 2" ;" 12,60" ;" " ;" " ;" 12,60" 
" Кондитерские изделия" ;" 4748" ;" конф.Ріконд (вишня)1/260" ;" 1" ;" 40,00" ;" " ;" " ;" 40,00" 
" Коньяк" ;" 42" ;" коньяк Арт Контер0,7 XO" ;" 1" ;" 1 500,00" ;" " ;" " ;" 1 500,00" 
" Коньяк" ;" 486" ;" Коньяк Hennessy Paradis Extra" ;" 1" ;" 7 613,00" ;" " ;" " ;" 7 613,00" 
" Коньяк" ;" 665" ;" Арагвели Коньяк 5* 0.5" ;" 1" ;" 198,00" ;" " ;" " ;" 198,00" 
" Коньяк" ;" 681" ;" коньяк Алекс-Голд 0.5" ;" 1" ;" 219,00" ;" " ;" " ;" 219,00" 
" Коньяк" ;" 790" ;" коньяк Ужгород *** 0.5" ;" 2" ;" 250,00" ;" " ;" " ;" 250,00" 
" Коньяк" ;" 791" ;" коньяк Ужгород ***** 0.5" ;" 1" ;" 145,00" ;" " ;" " ;" 145,00" 
" Коньяк" ;" 792" ;" коньяк Ужгород Закарпатский 0.5" ;" 1" ;" 139,00" ;" " ;" " ;" 139,00" 
" Коньяк" ;" 793" ;" коньяк Шустов 3* 0.5" ;" 3" ;" 315,00" ;" " ;" " ;" 315,00" 
" Коньяк" ;" 872" ;" коньяк Шабо 0,25" ;" 2" ;" 111,60" ;" " ;" " ;" 111,60" 
" Коньяк" ;" 873" ;" коньяк Шабо VS 0,5" ;" 7" ;" 758,80" ;" " ;" " ;" 758,80" 
" Коньяк" ;" 874" ;" коньяк Шабо VSOP 0,5" ;" 1" ;" 123,00" ;" " ;" " ;" 123,00" 
" Коньяк" ;" 1238" ;" коньяк сув.Дельфин 0,25" ;" 1" ;" 145,00" ;" " ;" " ;" 145,00" 
" Коньяк" ;" 1270" ;" коньяк Сабля сув.0.5" ;" 1" ;" 185,00" ;" " ;" " ;" 185,00" 
" Коньяк" ;" 1316" ;" коньяк . сув.Укр Лошадь 0.25" ;" 2" ;" 290,00" ;" " ;" " ;" 290,00" 
" Коньяк" ;" 1477" ;" коньяк Оріана 0.5" ;" 2" ;" 424,00" ;" " ;" " ;" 424,00" 
" Коньяк" ;" 1682" ;" коньяк"Черн.Аист"5* 0.5" ;" 1" ;" 187,00" ;" " ;" " ;" 187,00" 
" Коньяк" ;" 1836" ;" коньяк сув.0.25 Шабля" ;" 2" ;" 290,00" ;" " ;" " ;" 290,00" 
" Коньяк" ;" 1965" ;" коньяк АЯКС 0.5 4*" ;" 2" ;" 220,00" ;" " ;" " ;" 220,00" 
" Коньяк" ;" 2150" ;" коньяк Болград 3* 0.25" ;" 4" ;" 236,00" ;" " ;" " ;" 236,00" 
" Коньяк" ;" 2168" ;" коньяк сув."Одеса"0.7" ;" 1" ;" 447,00" ;" " ;" " ;" 447,00" 
" Коньяк" ;" 2473" ;" коньяк 3* 0.25 Ужгород" ;" 14" ;" 879,60" ;" " ;" " ;" 879,60" 
" Коньяк" ;" 2775" ;" коньяк Алекс платин.0.5 тубус" ;" 1" ;" 267,00" ;" " ;" " ;" 267,00" 
" Коньяк" ;" 2803" ;" Бренді Saint Remy(ХО)0.7" ;" 1" ;" 394,00" ;" " ;" " ;" 394,00" 
" Коньяк" ;" 2824" ;" коньяк "Арагвелі"0.5 4*" ;" 1" ;" 181,00" ;" " ;" " ;" 181,00" 
" Коньяк" ;" 3002" ;" коньяк Ужгород 0.25 5*" ;" 1" ;" 72,70" ;" " ;" " ;" 72,70" 
" Коньяк" ;" 3302" ;" коньяк Єріставі 3* 0.5" ;" 2" ;" 392,00" ;" " ;" " ;" 392,00" 
" Коньяк" ;" 3535" ;" коньяк Коблево 3* 0.25" ;" 7" ;" 367,50" ;" " ;" " ;" 367,50" 
" Коньяк" ;" 3537" ;" коньяк Болград 3* 0.5" ;" 12" ;" 1 320,00" ;" " ;" " ;" 1 320,00" 
" Коньяк" ;" 3875" ;" коньяк Борисфен селект 0.5" ;" 1" ;" 110,00" ;" " ;" " ;" 110,00" 
" Коньяк" ;" 4111" ;" коньяк "Дорошенко"5* 0.5" ;" 1" ;" 135,00" ;" " ;" " ;" 135,00" 
" Коньяк" ;" 4156" ;" коньяк Ст.граф 3* 0.2" ;" 2" ;" 90,00" ;" " ;" " ;" 90,00" 
" Коньяк" ;" 4195" ;" коньяк Азнаурі 3* 0.5" ;" 3" ;" 360,00" ;" " ;" " ;" 360,00" 
" Коньяк" ;" 4391" ;" коньяк Хеннесси VS под.наб.+2бок.0.7" ;" 1" ;" 1 105,00" ;" " ;" " ;" 1 105,00" 
" Коньяк" ;" 4520" ;" коньяк сув.Бочонок 5* 05" ;" 1" ;" 196,00" ;" " ;" " ;" 196,00" 
" Коньяк" ;" 4521" ;" коньяк сув. Собака 5* 0.5" ;" 2" ;" 370,00" ;" " ;" " ;" 370,00" 
" Коньяк" ;" 4647" ;" коньяк сув.Півень 0.25" ;" 6" ;" 990,00" ;" " ;" " ;" 990,00" 
" Коньяк" ;" 4654" ;" коньяк Болград(гармата)5* 0.2" ;" 1" ;" 159,00" ;" " ;" " ;" 159,00" 
" Коньяк" ;" 4655" ;" коньяк Болград (кинжал)5* 0.2" ;" 2" ;" 324,00" ;" " ;" " ;" 324,00" 
" Коньяк" ;" 4661" ;" коньяк Шустов 3* 0.25" ;" 1" ;" 52,50" ;" " ;" " ;" 52,50" 
" Коньяк" ;" 4703" ;" коньяк Квинт 10р. 0.5" ;" 1" ;" 315,00" ;" " ;" " ;" 315,00" 
" Коньяк" ;" 4711" ;" коньяк Коктебель 4* 0.25" ;" 2" ;" 118,00" ;" " ;" " ;" 118,00" 
" Коньяк" ;" 4731" ;" коньяк Квинт 6р.0.5" ;" 1" ;" 185,00" ;" " ;" " ;" 185,00" 
" Напитки, соки" ;" 601" ;" САН Нап Pepsi 0,5л 24 шт" ;" 1" ;" 9,30" ;" " ;" " ;" 9,30" 
" Напитки, соки" ;" 602" ;" САН Нап Pepsi 1л 12 шт" ;" 5" ;" 64,70" ;" " ;" " ;" 64,70" 
" Напитки, соки" ;" 603" ;" САН Нап Pepsi 1,5л 6 шт" ;" 5" ;" 79,00" ;" " ;" " ;" 79,00" 
" Напитки, соки" ;" 604" ;" САН Нап Pepsi 2л 6 шт" ;" 4" ;" 82,00" ;" " ;" " ;" 82,00" 
" Напитки, соки" ;" 608" ;" САН Сік Sandora Апельсин 1л 10 шт" ;" 2" ;" 52,40" ;" " ;" " ;" 52,40" 
" Напитки, соки" ;" 611" ;" САН Сік Sandora Банан 1л 10 шт" ;" 6" ;" 145,50" ;" " ;" " ;" 145,50" 
" Напитки, соки" ;" 625" ;" САН Сік Sandora Гранат 1л 10 шт" ;" 1" ;" 24,30" ;" " ;" " ;" 24,30" 
" Напитки, соки" ;" 627" ;" САН Сік Sandora Лимон 1л 10 шт" ;" 1" ;" 24,30" ;" " ;" " ;" 24,30" 
" Напитки, соки" ;" 628" ;" САН Сік Sandora Манго 1л 10 шт" ;" 5" ;" 121,00" ;" " ;" " ;" 121,00" 
" Напитки, соки" ;" 633" ;" САН Сік Sandora Мультивіт 1л 10 шт" ;" 2" ;" 44,40" ;" " ;" " ;" 44,40" 
" Напитки, соки" ;" 636" ;" САН Сік Sandora Овочевий 1л 10 шт" ;" 1" ;" 22,20" ;" " ;" " ;" 22,20" 
" Напитки, соки" ;" 638" ;" САН Сік Sandora Персик 1л 10 шт" ;" 1" ;" 20,50" ;" " ;" " ;" 20,50" 
" Напитки, соки" ;" 641" ;" САН Сік Sandora Сіц Апельсин 1л 10 шт" ;" 1" ;" 22,70" ;" " ;" " ;" 22,70" 
" Напитки, соки" ;" 650" ;" САН Сік Sandora Яблуко 1л 10 шт" ;" 4" ;" 88,80" ;" " ;" " ;" 88,80" 
" Напитки, соки" ;" 713" ;" вода Миргородская 1.5" ;" 3" ;" 24,00" ;" " ;" " ;" 24,00" 
" Напитки, соки" ;" 715" ;" вода боржоми 0.5" ;" 3" ;" 58,20" ;" " ;" " ;" 58,20" 
" Напитки, соки" ;" 718" ;" вода Моршинская негаз 1.5" ;" 20" ;" 188,00" ;" " ;" " ;" 188,00" 
" Напитки, соки" ;" 719" ;" вода Моршинская сильногаз 1.5" ;" 13" ;" 122,20" ;" " ;" " ;" 122,20" 
" Напитки, соки" ;" 720" ;" вода Моршинская сл.газ 1.5" ;" 10" ;" 94,00" ;" " ;" " ;" 94,00" 
" Напитки, соки" ;" 1023" ;" вода Поляна Квасова 1,5" ;" 19" ;" 210,90" ;" " ;" " ;" 210,90" 
" Напитки, соки" ;" 1051" ;" сок Сандорик 0,2 Бан.Ябл.Пол." ;" 1" ;" 6,30" ;" " ;" " ;" 6,30" 
" Напитки, соки" ;" 1314" ;" вода Миргор. Лагидна 1,5не газ." ;" 2" ;" 15,20" ;" " ;" " ;" 15,20" 
" Напитки, соки" ;" 1315" ;" вода Миргор. лагидна 1,5 сл.газ" ;" 1" ;" 7,60" ;" " ;" " ;" 7,60" 
" Напитки, соки" ;" 1549" ;" Мін. вода 0.5 Поляна квас." ;" 1" ;" 12,00" ;" " ;" " ;" 12,00" 
" Напитки, соки" ;" 1945" ;" Сік Журавлина 1л." ;" 1" ;" 22,70" ;" " ;" " ;" 22,70" 
" Напитки, соки" ;" 2382" ;" вода "Боржомі"0.75" ;" 1" ;" 20,40" ;" " ;" " ;" 20,40" 
" Напитки, соки" ;" 2384" ;" Мін.вода 1,5" Лужанська"" ;" 2" ;" 22,20" ;" " ;" " ;" 22,20" 
" Напитки, соки" ;" 2920" ;" Мін.вода "Поляна купель"1.5" ;" 3" ;" 33,30" ;" " ;" " ;" 33,30" 
" Напитки, соки" ;" 3004" ;" нап."Груз.букет"апельсин 0.5" ;" 1" ;" 18,00" ;" " ;" " ;" 18,00" 
" Напитки, соки" ;" 3006" ;" нап."Груз.букет"лимон 0.5" ;" 6" ;" 108,00" ;" " ;" " ;" 108,00" 
" Напитки, соки" ;" 3007" ;" нап."Груз.букет"сітро 0.5" ;" 2" ;" 36,00" ;" " ;" " ;" 36,00" 
" Напитки, соки" ;" 3008" ;" нап."Груз.букет"тархун 0.5" ;" 4" ;" 72,00" ;" " ;" " ;" 72,00" 
" Напитки, соки" ;" 3009" ;" нап."Груз.букет"вершковий 0.5" ;" 4" ;" 72,00" ;" " ;" " ;" 72,00" 
" Напитки, соки" ;" 3248" ;" сік ОКЗДП 0.95(мультифрут)" ;" 3" ;" 52,80" ;" " ;" " ;" 52,80" 
" Напитки, соки" ;" 3252" ;" сік ОКЗДП 0.95(ябл/клуб)" ;" 1" ;" 17,60" ;" " ;" " ;" 17,60" 
" Напитки, соки" ;" 3309" ;" сік ОКЗДХ 0.95(айва)" ;" 2" ;" 35,20" ;" " ;" " ;" 35,20" 
" Напитки, соки" ;" 3311" ;" сік ОКЗДХ 0.95(вишня)" ;" 4" ;" 70,40" ;" " ;" " ;" 70,40" 
" Напитки, соки" ;" 3312" ;" сік ОКЗДХ 0.95(груша)" ;" 2" ;" 35,20" ;" " ;" " ;" 35,20" 
" Напитки, соки" ;" 3776" ;" нап.груз.букет крюшон 0.5" ;" 4" ;" 72,00" ;" " ;" " ;" 72,00" 
" Напитки, соки" ;" 3912" ;" Вода Миргород Лагідна 0.75 сл.газ" ;" 1" ;" 6,90" ;" " ;" " ;" 6,90" 
" Напитки, соки" ;" 4051" ;" сік Садочок(ябл/гранат)0.95" ;" 2" ;" 32,40" ;" " ;" " ;" 32,40" 
" Напитки, соки" ;" 4056" ;" сік Садочок(ябл/полун)1.93" ;" 1" ;" 31,30" ;" " ;" " ;" 31,30" 
" Напитки, соки" ;" 4131" ;" сік Садочок ябл/виногр.1.93" ;" 3" ;" 93,90" ;" " ;" " ;" 93,90" 
" Напитки, соки" ;" 4148" ;" вода Есентуки №17 1.5" ;" 2" ;" 40,00" ;" " ;" " ;" 40,00" 
" Напитки, соки" ;" 4171" ;" сік Садочок мультівіт.1.93" ;" 3" ;" 93,90" ;" " ;" " ;" 93,90" 
" Напитки, соки" ;" 4257" ;" сік Садочок томат 1.93" ;" 1" ;" 31,30" ;" " ;" " ;" 31,30" 
" Напитки, соки" ;" 4258" ;" сік Садочок Ябл/виног.(чер) 1.93" ;" 1" ;" 31,30" ;" " ;" " ;" 31,30" 
" Напитки, соки" ;" 4292" ;" вода Есентуки №4 1.5" ;" 2" ;" 40,00" ;" " ;" " ;" 40,00" 
" Напитки, соки" ;" 4316" ;" Сок Садочок (яблуко)1.93" ;" 2" ;" 62,60" ;" " ;" " ;" 62,60" 
" Напитки, соки" ;" 4317" ;" сокСадочок(Мультифрут)1.93" ;" 2" ;" 62,60" ;" " ;" " ;" 62,60" 
" Напитки, соки" ;" 4501" ;" вода Міргород лагідна не газ 0.75" ;" 1" ;" 7,00" ;" " ;" " ;" 7,00" 
" Напитки, соки" ;" 4559" ;" вода АХЛАДА не газ.1.5" ;" 2" ;" 9,00" ;" " ;" " ;" 9,00" 
" Напитки, соки" ;" 4565" ;" сок Садочок 0.95(ябл/виног)" ;" 1" ;" 16,20" ;" " ;" " ;" 16,20" 
" Напитки, соки" ;" 4617" ;" сік Садочок(мультівітамін)0.95" ;" 2" ;" 32,40" ;" " ;" " ;" 32,40" 
" Напитки, соки" ;" 4625" ;" лікер CAROLANS 0.7+2ст" ;" 1" ;" 411,00" ;" " ;" " ;" 411,00" 
" Напитки, соки" ;" 4712" ;" Бальзам Грін Хілз 0.5" ;" 2" ;" 164,00" ;" " ;" " ;" 164,00" 
" Прочие алк.товары (ром, текила и пр.)" ;" 1111" ;" вермут Маренго бел.0,5" ;" 2" ;" 67,20" ;" " ;" " ;" 67,20" 
" Прочие алк.товары (ром, текила и пр.)" ;" 1140" ;" вермут Маренго 1л" ;" 1" ;" 67,20" ;" " ;" " ;" 67,20" 
" Прочие алк.товары (ром, текила и пр.)" ;" 1475" ;" Сув. набор Маренго 2*0.5" ;" 1" ;" 168,00" ;" " ;" " ;" 168,00" 
" Прочие алк.товары (ром, текила и пр.)" ;" 2453" ;" Лікер "Fraqelico"0.7" ;" 1" ;" 329,00" ;" " ;" " ;" 329,00" 
" Прочие алк.товары (ром, текила и пр.)" ;" 2778" ;" настойка 0.5Абрикос вермут Люботин" ;" 2" ;" 50,00" ;" " ;" " ;" 50,00" 
" Прочие алк.товары (ром, текила и пр.)" ;" 2779" ;" настойка 0.5 Апельсин вермут Люботин" ;" 1" ;" 25,00" ;" " ;" " ;" 25,00" 
" Прочие алк.товары (ром, текила и пр.)" ;" 2780" ;" настойка 0.5 Малина вермут Люботин" ;" 1" ;" 25,00" ;" " ;" " ;" 25,00" 
" Прочие алк.товары (ром, текила и пр.)" ;" 2781" ;" настойка 0.5 Смородина вермут Люботин" ;" 4" ;" 100,00" ;" " ;" " ;" 100,00" 
" Прочие алк.товары (ром, текила и пр.)" ;" 3067" ;" вермут Люботин (вишня)0.5" ;" 1" ;" 25,00" ;" " ;" " ;" 25,00" 
" Прочие алк.товары (ром, текила и пр.)" ;" 3068" ;" вермут Люботин (журавлина)0.5" ;" 4" ;" 100,00" ;" " ;" " ;" 100,00" 
" Прочие алк.товары (ром, текила и пр.)" ;" 3071" ;" вермут Люботин(горобина)0.5" ;" 4" ;" 100,00" ;" " ;" " ;" 100,00" 
" Прочие алк.товары (ром, текила и пр.)" ;" 3072" ;" вермут Люботин(слива)0.5" ;" 2" ;" 50,00" ;" " ;" " ;" 50,00" 
" Прочие алк.товары (ром, текила и пр.)" ;" 3177" ;" напій винний  Наомі гранат 0.75" ;" 1" ;" 50,50" ;" " ;" " ;" 50,50" 
" Прочие алк.товары (ром, текила и пр.)" ;" 3221" ;" настойка 0.5 Люботин (ананас)" ;" 3" ;" 75,00" ;" " ;" " ;" 75,00" 
" Прочие алк.товары (ром, текила и пр.)" ;" 3273" ;" Настойка Абсент Вінсент 0.7" ;" 1" ;" 290,00" ;" " ;" " ;" 290,00" 
" Прочие алк.товары (ром, текила и пр.)" ;" 3512" ;" настоянка 0.25 Зе Хайленд Фокс" ;" 1" ;" 34,00" ;" " ;" " ;" 34,00" 
" Прочие алк.товары (ром, текила и пр.)" ;" 3587" ;" напій Плодово/ягодн.Стигла горобина 0.5" ;" 3" ;" 87,00" ;" " ;" " ;" 87,00" 
" Прочие алк.товары (ром, текила и пр.)" ;" 3911" ;" Бренди Факонье Наполеон VSOP 0.7" ;" 1" ;" 336,00" ;" " ;" " ;" 336,00" 
" Прочие алк.товары (ром, текила и пр.)" ;" 4000" ;" напій Кенді Умешу біле 0.375" ;" 4" ;" 137,60" ;" " ;" " ;" 137,60" 
" Прочие алк.товары (ром, текила и пр.)" ;" 4001" ;" напій Кенді Умешу рожеве 0.375" ;" 3" ;" 103,20" ;" " ;" " ;" 103,20" 
" Прочие алк.товары (ром, текила и пр.)" ;" 4095" ;" Ром Viejo Corsario Blanco  0.7" ;" 1" ;" 197,00" ;" " ;" " ;" 197,00" 
" Прочие алк.товары (ром, текила и пр.)" ;" 4141" ;" бренди Стумари 0.5 3*" ;" 2" ;" 234,00" ;" " ;" " ;" 234,00" 
" Прочие алк.товары (ром, текила и пр.)" ;" 4142" ;" бренди Струмари 0.5 5*" ;" 1" ;" 136,00" ;" " ;" " ;" 136,00" 
" Прочие алк.товары (ром, текила и пр.)" ;" 4162" ;" Лікер Зел.Яблоко 0.75" ;" 1" ;" 181,00" ;" " ;" " ;" 181,00" 
" Прочие алк.товары (ром, текила и пр.)" ;" 4167" ;" бальзам Вітязь 0.25" ;" 2" ;" 70,00" ;" " ;" " ;" 70,00" 
" Прочие алк.товары (ром, текила и пр.)" ;" 4168" ;" бальзам Вітязь 0.5" ;" 2" ;" 140,00" ;" " ;" " ;" 140,00" 
" Прочие алк.товары (ром, текила и пр.)" ;" 4193" ;" напій Кабукі слива бел.0.7" ;" 1" ;" 45,80" ;" " ;" " ;" 45,80" 
" Прочие алк.товары (ром, текила и пр.)" ;" 4221" ;" бренді Шустов 150 0.5" ;" 3" ;" 294,00" ;" " ;" " ;" 294,00" 
" Прочие алк.товары (ром, текила и пр.)" ;" 4331" ;" вино Виногр.Такадо (гранат)0.7" ;" 2" ;" 100,00" ;" " ;" " ;" 100,00" 
" Прочие алк.товары (ром, текила и пр.)" ;" 4384" ;" ликер Дейлис ліс. горіх 0.5" ;" 1" ;" 97,00" ;" " ;" " ;" 97,00" 
" Прочие алк.товары (ром, текила и пр.)" ;" 4385" ;" ликер Дейлис оригин.0.5" ;" 1" ;" 97,00" ;" " ;" " ;" 97,00" 
" Прочие алк.товары (ром, текила и пр.)" ;" 4386" ;" ликер Дейлис Тірамісу 0.5" ;" 2" ;" 194,00" ;" " ;" " ;" 194,00" 
" Прочие алк.товары (ром, текила и пр.)" ;" 4463" ;" Лікер Wild Africa" 0.7" ;" 1" ;" 412,00" ;" " ;" " ;" 412,00" 
" Прочие алк.товары (ром, текила и пр.)" ;" 4508" ;" напій плод/ягід. Стигла Годжи 0.5" ;" 3" ;" 87,00" ;" " ;" " ;" 87,00" 
" Прочие алк.товары (ром, текила и пр.)" ;" 4533" ;" настойка Корень колгану Немір.0.5" ;" 2" ;" 110,00" ;" " ;" " ;" 110,00" 
" Прочие алк.товары (ром, текила и пр.)" ;" 4650" ;" бренді ГУРДЖИ 5* 0.5" ;" 1" ;" 161,00" ;" " ;" " ;" 161,00" 
" Прочие алк.товары (ром, текила и пр.)" ;" 4665" ;" ЧАЧА классик 0.5" ;" 1" ;" 170,00" ;" " ;" " ;" 170,00" 
" Прочие алк.товары (ром, текила и пр.)" ;" 4673" ;" вермут Моя (сливка)0.5" ;" 1" ;" 33,60" ;" " ;" " ;" 33,60" 
" Прочие алк.товары (ром, текила и пр.)" ;" 4691" ;" лікер шоклад/вишня 0.5" ;" 1" ;" 87,00" ;" " ;" " ;" 87,00" 
" Прочие алк.товары (ром, текила и пр.)" ;" 4692" ;" лікер шоколад/ваниль 0.5" ;" 1" ;" 87,00" ;" " ;" " ;" 87,00" 
" Прочие алк.товары (ром, текила и пр.)" ;" 4707" ;" Лікер Дейлис 0.5 (шокол)" ;" 1" ;" 97,00" ;" " ;" " ;" 97,00" 
" Прочие алк.товары (ром, текила и пр.)" ;" 4745" ;" бренді Одеса VS 0.375" ;" 2" ;" 142,00" ;" " ;" " ;" 142,00" 
" Сувенирные товары" ;" 63" ;" Пакет карт.К/Арт на 3 бут." ;" 88" ;" 704,00" ;" " ;" " ;" 704,00" 
" Сувенирные товары" ;" 907" ;" пакет п/эт" ;" 2 109" ;" 8 436,00" ;" " ;" " ;" 8 436,00" 
" Сувенирные товары" ;" 2810" ;" тубус" ;" 131" ;" 3 013,00" ;" " ;" " ;" 3 013,00" 
"  Прочие товары" ;" 1648" ;" Орбіт Вінтерфреш" ;" 3" ;" 27,00" ;" " ;" " ;" 27,00" 
"  Прочие товары" ;" 1650" ;" Орбіт Білосніжний" ;" 1" ;" 9,00" ;" " ;" " ;" 9,00" 
"  Прочие товары" ;" 1651" ;" Орбіт Освіжаюча м*ята" ;" 7" ;" 63,00" ;" " ;" " ;" 63,00" 
"  Прочие товары" ;" 3056" ;" Орбіт Белоснежный" Bubblemint"" ;" 1" ;" 9,00" ;" " ;" " ;" 9,00" 
"  Прочие товары" ;" 3208" ;" Орбит солодка мята" ;" 4" ;" 36,00" ;" " ;" " ;" 36,00" 
"  Прочие товары" ;" 3466" ;" Орбіт Эвкаліпт " ;" 1" ;" 9,00" ;" " ;" " ;" 9,00" 
